{
  "tE": {
    "mean": 26.347198448975398,
    "std": 21.572220661462207,
    "median": 20.111,
    "quantiles": {
      "0": 0.0,
      "5": 3.13475,
      "10": 5.3565000000000005,
      "15": 7.14925,
      "20": 8.953,
      "25": 10.69725,
      "30": 12.572,
      "35": 14.625,
      "40": 16.721,
      "45": 18.966749999999998,
      "50": 21.385,
      "55": 24.081000000000014,
      "60": 27.183,
      "65": 30.81475,
      "70": 34.97549999999999,
      "75": 40.118249999999996,
      "80": 47.094,
      "85": 56.69875,
      "90": 71.87450000000001,
      "95": 104.99025
    }
  },
  "u0": {
    "mean": 0.4476495300703617,
    "std": 0.39115353992736507,
    "median": 0.33,
    "quantiles": {
      "0": 0.0,
      "5": 0.011,
      "10": 0.04,
      "15": 0.068,
      "20": 0.096,
      "25": 0.129,
      "30": 0.167,
      "35": 0.207,
      "40": 0.253,
      "45": 0.304,
      "50": 0.362,
      "55": 0.429,
      "60": 0.502,
      "65": 0.583,
      "70": 0.674,
      "75": 0.77225,
      "80": 0.89,
      "85": 1.047,
      "90": 1.236,
      "95": 1.5162499999999999
    }
  }
}